{"cameraMode":{"drawMode":0,"name":"Shaded","section":"Shading Mode"},"sceneLighting":true,"audioPlay":false,"sceneViewState":{"m_AlwaysRefresh":false,"showFog":true,"showSkybox":true,"showFlares":true,"showImageEffects":true,"showParticleSystems":true,"showVisualEffectGraphs":true,"m_FxEnabled":true},"in2DMode":false,"pivot":{"x":7.194767475128174,"y":23.018964767456056,"z":-262.3990478515625},"rotation":{"x":-0.061558376997709277,"y":-0.044875990599393848,"z":-0.003502598498016596,"w":-0.9970499873161316},"size":0.9373916983604431,"orthographic":false}