{"cameraMode":{"drawMode":0,"name":"Shaded","section":"Shading Mode"},"sceneLighting":false,"audioPlay":false,"sceneViewState":{"m_AlwaysRefresh":false,"showFog":false,"showSkybox":false,"showFlares":false,"showImageEffects":false,"showParticleSystems":false,"showVisualEffectGraphs":true,"m_FxEnabled":true},"in2DMode":false,"pivot":{"x":0.01325859036296606,"y":0.10574199259281159,"z":-0.046820253133773807},"rotation":{"x":-0.006663949228823185,"y":-0.9990852475166321,"z":0.03721942752599716,"w":-0.0256462674587965},"size":0.10396388918161392,"orthographic":false}