{"cameraMode":{"drawMode":0,"name":"Shaded","section":"Shading Mode"},"sceneLighting":true,"audioPlay":false,"sceneViewState":{"m_AlwaysRefresh":false,"showFog":true,"showSkybox":true,"showFlares":true,"showImageEffects":true,"showParticleSystems":true,"showVisualEffectGraphs":true,"m_FxEnabled":true},"in2DMode":false,"pivot":{"x":-42.45635986328125,"y":63.904293060302737,"z":-226.06378173828126},"rotation":{"x":0.27612149715423586,"y":0.02681593783199787,"z":-0.0013605131534859539,"w":0.9604005813598633},"size":1.302077293395996,"orthographic":false}