{"cameraMode":{"drawMode":0,"name":"Shaded","section":"Shading Mode"},"sceneLighting":true,"audioPlay":false,"sceneViewState":{"m_AlwaysRefresh":false,"showFog":true,"showSkybox":true,"showFlares":true,"showImageEffects":true,"showParticleSystems":true,"showVisualEffectGraphs":true,"m_FxEnabled":true},"in2DMode":false,"pivot":{"x":-3.551861524581909,"y":3.150655746459961,"z":3.342515230178833},"rotation":{"x":-0.14239217340946198,"y":-0.38409334421157839,"z":0.05430262163281441,"w":-0.9107633233070374},"size":0.14696964621543885,"orthographic":false}